CREATE DATABASE cab_booking_system;

USE cab_booking_system;

-- Customers Table
CREATE TABLE Customers (
    CustomerID INT PRIMARY KEY AUTO_INCREMENT,
    Name VARCHAR(100) NOT NULL,
    Email VARCHAR(100) UNIQUE,
    PhoneNumber VARCHAR(15),
    RegistrationDate DATE
);

-- Drivers Table
CREATE TABLE Drivers (
    DriverID INT PRIMARY KEY AUTO_INCREMENT,
    Name VARCHAR(100) NOT NULL,
    PhoneNumber VARCHAR(15),
    LicenseNumber VARCHAR(50) UNIQUE,
    Rating FLOAT CHECK (Rating BETWEEN 0 AND 5),
    JoiningDate	DATE
);

-- Cabs Table
CREATE TABLE Cabs (
    CabID INT PRIMARY KEY AUTO_INCREMENT,
    DriverID INT,
    VehicleType VARCHAR(50),
    VehicleNumber VARCHAR(20) UNIQUE NOT NULL,
    Capacity INT,
    FOREIGN KEY (DriverID) REFERENCES Drivers(DriverID)
);

-- Bookings Table
CREATE TABLE Bookings (
    BookingID INT PRIMARY KEY AUTO_INCREMENT,
    CustomerID INT,
    DriverID INT,
    CabID INT,
    PickupLocation VARCHAR(100),
    DropoffLocation VARCHAR(100),
    BookingTime DATETIME,
    Status VARCHAR(20) CHECK (Status IN ('Completed', 'Cancelled', 'Ongoing')),
    CancellationReason VARCHAR(255),
    FOREIGN KEY (CustomerID) REFERENCES Customers(CustomerID),
    FOREIGN KEY (DriverID) REFERENCES Drivers(DriverID),
    FOREIGN KEY (CabID) REFERENCES Cabs(CabID)
);

-- TripDetails Table
CREATE TABLE TripDetails (
    TripID INT PRIMARY KEY AUTO_INCREMENT,
    BookingID INT,
    StartTime DATETIME,
    EndTime DATETIME,
    DistanceKM FLOAT,
    Fare FLOAT,
    WaitingTime INT, -- in minutes
    FOREIGN KEY (BookingID) REFERENCES Bookings(BookingID)
);

-- Feedback Table
CREATE TABLE Feedback (
    FeedbackID INT PRIMARY KEY AUTO_INCREMENT,
    BookingID INT,
    CustomerID INT,
    DriverID INT,
    Rating INT CHECK (Rating BETWEEN 1 AND 5),
    Comments VARCHAR(500),
    FeedbackDate DATE,
    FOREIGN KEY (BookingID) REFERENCES Bookings(BookingID),
    FOREIGN KEY (CustomerID) REFERENCES Customers(CustomerID),
    FOREIGN KEY (DriverID) REFERENCES Drivers(DriverID)
);

-- Customers Records 
INSERT INTO Customers (Name, Email, PhoneNumber, RegistrationDate) VALUES
('Abhay Mishra', 'abhay.mishra31@example.com', '9876543231', '2025-06-01'),
('Sunita Rani', 'sunita.rani32@example.com', '9876543232', '2025-06-02'),
('Kartik Joshi', 'kartik.joshi33@example.com', '9876543233', '2025-06-03'),
('Ishita Sharma', 'ishita.sharma34@example.com', '9876543234', '2025-06-04'),
('Ramesh Yadav', 'ramesh.yadav35@example.com', '9876543235', '2025-06-05'),
('Payal Mehta', 'payal.mehta36@example.com', '9876543236', '2025-06-06'),
('Sanjay Kapoor', 'sanjay.kapoor37@example.com', '9876543237', '2025-06-07'),
('Nandini Iyer', 'nandini.iyer38@example.com', '9876543238', '2025-06-08'),
('Vivek Saxena', 'vivek.saxena39@example.com', '9876543239', '2025-06-09'),
('Ritu Verma', 'ritu.verma40@example.com', '9876543240', '2025-06-10'),
('Aditya Jain', 'aditya.jain41@example.com', '9876543241', '2025-06-11'),
('Bhavana Nair', 'bhavana.nair42@example.com', '9876543242', '2025-06-12'),
('Tarun Rao', 'tarun.rao43@example.com', '9876543243', '2025-06-13'),
('Komal Sethi', 'komal.sethi44@example.com', '9876543244', '2025-06-14'),
('Gaurav Gupta', 'gaurav.gupta45@example.com', '9876543245', '2025-06-15'),
('Snehal Pillai', 'snehal.pillai46@example.com', '9876543246', '2025-06-16'),
('Aarav Reddy', 'aarav.reddy47@example.com', '9876543247', '2025-06-17'),
('Bhavya Kapoor', 'bhavya.kapoor48@example.com', '9876543248', '2025-06-18'),
('Rajeev Bhat', 'rajeev.bhat49@example.com', '9876543249', '2025-06-19'),
('Tanya Malhotra', 'tanya.malhotra50@example.com', '9876543250', '2025-06-20'),
('Anuj Das', 'anuj.das51@example.com', '9876543251', '2025-06-21'),
('Pallavi Pillai', 'pallavi.pillai52@example.com', '9876543252', '2025-06-22'),
('Suraj Menon', 'suraj.menon53@example.com', '9876543253', '2025-06-23'),
('Kritika Desai', 'kritika.desai54@example.com', '9876543254', '2025-06-24'),
('Dev Chauhan', 'dev.chauhan55@example.com', '9876543255', '2025-06-25'),
('Roshni Bansal', 'roshni.bansal56@example.com', '9876543256', '2025-06-26'),
('Arnav Rawat', 'arnav.rawat57@example.com', '9876543257', '2025-06-27'),
('Priyanshi Khan', 'priyanshi.khan58@example.com', '9876543258', '2025-06-28'),
('Jayant Chopra', 'jayant.chopra59@example.com', '9876543259', '2025-06-29'),
('Lavanya Singh', 'lavanya.singh60@example.com', '9876543260', '2025-06-30');

-- Drivers Records 
INSERT INTO Drivers (Name, PhoneNumber, LicenseNumber, Rating, JoiningDate) VALUES
('Karan Sethi', '9876500041', 'MH01D10031', 4.3, '2025-06-01'),
('Radhika Jain', '9876500042', 'MH01D10032', 3.6, '2025-06-02'),
('Tarun Bhat', '9876500043', 'MH01D10033', 2.9, '2025-06-03'),
('Meena Kapoor', '9876500044', 'MH01D10034', 4.8, '2025-06-04'),
('Abhishek Reddy', '9876500045', 'MH01D10035', 3.2, '2025-06-05'),
('Sonia Pillai', '9876500046', 'MH01D10036', 4.1, '2025-06-06'),
('Gaurav Iyer', '9876500047', 'MH01D10037', 2.7, '2025-06-07'),
('Tanya Singh', '9876500048', 'MH01D10038', 4.5, '2025-06-08'),
('Rajeev Nair', '9876500049', 'MH01D10039', 3.4, '2025-06-09'),
('Priya Tiwari', '9876500050', 'MH01D10040', 4.6, '2025-06-10'),
('Harish Mehta', '9876500051', 'MH01D10041', 3.3, '2025-06-11'),
('Nikita Shah', '9876500052', 'MH01D10042', 2.5, '2025-06-12'),
('Ramesh Chauhan', '9876500053', 'MH01D10043', 3.7, '2025-06-13'),
('Bhavya Joshi', '9876500054', 'MH01D10044', 4.2, '2025-06-14'),
('Dev Sharma', '9876500055', 'MH01D10045', 4.9, '2025-06-15'),
('Anjali Verma', '9876500056', 'MH01D10046', 2.8, '2025-06-16'),
('Siddharth Rao', '9876500057', 'MH01D10047', 3.1, '2025-06-17'),
('Pooja Desai', '9876500058', 'MH01D10048', 4.7, '2025-06-18'),
('Nitin Pandey', '9876500059', 'MH01D10049', 3.0, '2025-06-19'),
('Shalini Menon', '9876500060', 'MH01D10050', 4.4, '2025-06-20'),
('Manoj Pillai', '9876500061', 'MH01D10051', 2.6, '2025-06-21'),
('Sneha Bansal', '9876500062', 'MH01D10052', 4.0, '2025-06-22'),
('Ajit Kumar', '9876500063', 'MH01D10053', 3.5, '2025-06-23'),
('Kavya Gill', '9876500064', 'MH01D10054', 2.4, '2025-06-24'),
('Vikram Reddy', '9876500065', 'MH01D10055', 4.2, '2025-06-25'),
('Ritu Malhotra', '9876500066', 'MH01D10056', 3.9, '2025-06-26'),
('Ashish Sinha', '9876500067', 'MH01D10057', 2.3, '2025-06-27'),
('Divya Roy', '9876500068', 'MH01D10058', 4.8, '2025-06-28'),
('Parth Oberoi', '9876500069', 'MH01D10059', 3.8, '2025-06-29'),
('Kriti Mishra', '9876500070', 'MH01D10060', 4.5, '2025-06-30');

-- Cabs Records 
INSERT INTO Cabs (DriverID, VehicleType, VehicleNumber, Capacity) VALUES
(1, 'SUV', 'MH01C1031', 6),
(2, 'Hatchback', 'MH01C1032', 4),
(3, 'Sedan', 'MH01C1033', 4),
(4, 'SUV', 'MH01C1034', 6),
(5, 'Hatchback', 'MH01C1035', 4),
(6, 'Sedan', 'MH01C1036', 4),
(7, 'SUV', 'MH01C1037', 6),
(8, 'Hatchback', 'MH01C1038', 4),
(9, 'Sedan', 'MH01C1039', 4),
(10, 'SUV', 'MH01C1040', 6),
(11, 'Hatchback', 'MH01C1041', 4),
(12, 'Sedan', 'MH01C1042', 4),
(13, 'SUV', 'MH01C1043', 6),
(14, 'Hatchback', 'MH01C1044', 4),
(15, 'Sedan', 'MH01C1045', 4),
(16, 'SUV', 'MH01C1046', 6),
(17, 'Hatchback', 'MH01C1047', 4),
(18, 'Sedan', 'MH01C1048', 4),
(19, 'SUV', 'MH01C1049', 6),
(20, 'Hatchback', 'MH01C1050', 4),
(21, 'Sedan', 'MH01C1051', 4),
(22, 'SUV', 'MH01C1052', 6),
(23, 'Hatchback', 'MH01C1053', 4),
(24, 'Sedan', 'MH01C1054', 4),
(25, 'SUV', 'MH01C1055', 6),
(26, 'Hatchback', 'MH01C1056', 4),
(27, 'Sedan', 'MH01C1057', 4),
(28, 'SUV', 'MH01C1058', 6),
(29, 'Hatchback', 'MH01C1059', 4),
(30, 'Sedan', 'MH01C1060', 4);

-- Bookings Records 
INSERT INTO Bookings (CustomerID, DriverID, CabID, PickupLocation, DropoffLocation, BookingTime, Status, CancellationReason) VALUES
(1, 3, 3, 'Powai', 'Vikhroli', '2025-07-05 08:30:00', 'Completed', NULL),
(1, 4, 4, 'Powai', 'Thane', '2025-07-06 09:45:00', 'Completed', NULL),
(1, 5, 5, 'Powai', 'Mulund', '2025-07-07 10:00:00', 'Cancelled', 'No show'),
(1, 6, 6, 'Powai', 'Bhandup', '2025-07-08 11:15:00', 'Completed', NULL),
(1, 7, 7, 'Powai', 'Kurla', '2025-07-09 12:30:00', 'Completed', NULL),
(1, 8, 8, 'Powai', 'Ghatkopar', '2025-07-10 13:45:00', 'Ongoing', NULL),
(1, 9, 9, 'Powai', 'Andheri', '2025-07-11 15:00:00', 'Completed', NULL),
(1, 10, 10, 'Powai', 'Bandra', '2025-07-12 16:15:00', 'Completed', NULL),
(1, 11, 11, 'Powai', 'Colaba', '2025-07-13 17:30:00', 'Cancelled', 'Changed plan'),
(1, 12, 12, 'Powai', 'Churchgate', '2025-07-14 18:45:00', 'Completed', NULL),
(1, 13, 13, 'Powai', 'Borivali', '2025-07-15 20:00:00', 'Completed', NULL),
(1, 14, 14, 'Powai', 'Malad', '2025-07-16 21:15:00', 'Completed', NULL),
(2, 15, 15, 'Bandra', 'Kurla', '2025-07-05 08:40:00', 'Completed', NULL),
(2, 16, 16, 'Bandra', 'Powai', '2025-07-06 09:55:00', 'Completed', NULL),
(2, 17, 17, 'Bandra', 'Thane', '2025-07-07 11:10:00', 'Cancelled', 'Alternate transport'),
(2, 18, 18, 'Bandra', 'Colaba', '2025-07-08 12:25:00', 'Completed', NULL),
(2, 19, 19, 'Bandra', 'Churchgate', '2025-07-09 13:40:00', 'Completed', NULL),
(2, 20, 20, 'Bandra', 'Borivali', '2025-07-10 14:55:00', 'Ongoing', NULL),
(2, 21, 21, 'Bandra', 'Malad', '2025-07-11 16:10:00', 'Completed', NULL),
(2, 22, 22, 'Bandra', 'Ghatkopar', '2025-07-12 17:25:00', 'Completed', NULL),
(2, 23, 23, 'Bandra', 'Andheri', '2025-07-13 18:40:00', 'Completed', NULL),
(2, 24, 24, 'Bandra', 'Vikhroli', '2025-07-14 19:55:00', 'Completed', NULL),
(2, 25, 25, 'Bandra', 'Bhandup', '2025-07-15 21:10:00', 'Completed', NULL),
(2, 26, 26, 'Bandra', 'Mulund', '2025-07-16 22:25:00', 'Completed', NULL),
(3, 27, 27, 'Andheri', 'Bandra', '2025-07-05 08:50:00', 'Completed', NULL),
(3, 28, 28, 'Andheri', 'Kurla', '2025-07-06 10:05:00', 'Completed', NULL),
(3, 29, 29, 'Andheri', 'Powai', '2025-07-07 11:20:00', 'Cancelled', 'Driver delayed'),
(3, 30, 30, 'Andheri', 'Colaba', '2025-07-08 12:35:00', 'Completed', NULL),
(3, 1, 1, 'Andheri', 'Churchgate', '2025-07-09 13:50:00', 'Completed', NULL),
(3, 2, 2, 'Andheri', 'Borivali', '2025-07-10 15:05:00', 'Ongoing', NULL),
(3, 3, 3, 'Andheri', 'Malad', '2025-07-11 16:20:00', 'Completed', NULL),
(3, 4, 4, 'Andheri', 'Ghatkopar', '2025-07-12 17:35:00', 'Completed', NULL),
(3, 5, 5, 'Andheri', 'Thane', '2025-07-13 18:50:00', 'Completed', NULL),
(3, 6, 6, 'Andheri', 'Vikhroli', '2025-07-14 20:05:00', 'Completed', NULL),
(3, 7, 7, 'Andheri', 'Bhandup', '2025-07-15 21:20:00', 'Completed', NULL),
(3, 8, 8, 'Andheri', 'Mulund', '2025-07-16 22:35:00', 'Completed', NULL),
(4, 9, 9, 'Thane', 'Powai', '2025-07-05 09:00:00', 'Completed', NULL),
(4, 10, 10, 'Thane', 'Kurla', '2025-07-06 10:15:00', 'Completed', NULL),
(4, 11, 11, 'Thane', 'Colaba', '2025-07-07 11:30:00', 'Cancelled', 'Changed plan'),
(4, 12, 12, 'Thane', 'Churchgate', '2025-07-08 12:45:00', 'Completed', NULL),
(4, 13, 13, 'Thane', 'Borivali', '2025-07-09 14:00:00', 'Completed', NULL),
(4, 14, 14, 'Thane', 'Malad', '2025-07-10 15:15:00', 'Ongoing', NULL),
(4, 15, 15, 'Thane', 'Ghatkopar', '2025-07-11 16:30:00', 'Completed', NULL),
(4, 16, 16, 'Thane', 'Andheri', '2025-07-12 17:45:00', 'Completed', NULL),
(4, 17, 17, 'Thane', 'Vikhroli', '2025-07-13 19:00:00', 'Completed', NULL),
(4, 18, 18, 'Thane', 'Bhandup', '2025-07-14 20:15:00', 'Completed', NULL),
(4, 19, 19, 'Thane', 'Mulund', '2025-07-15 21:30:00', 'Completed', NULL),
(4, 20, 20, 'Thane', 'Powai', '2025-07-16 22:45:00', 'Completed', NULL),
(5, 21, 21, 'Borivali', 'Thane', '2025-07-05 09:10:00', 'Completed', NULL),
(5, 22, 22, 'Borivali', 'Powai', '2025-07-06 10:25:00', 'Completed', NULL),
(5, 23, 23, 'Borivali', 'Kurla', '2025-07-07 11:40:00', 'Cancelled', 'No show'),
(5, 24, 24, 'Borivali', 'Colaba', '2025-07-08 12:55:00', 'Completed', NULL),
(5, 25, 25, 'Borivali', 'Churchgate', '2025-07-09 14:10:00', 'Completed', NULL),
(5, 26, 26, 'Borivali', 'Borivali', '2025-07-10 15:25:00', 'Ongoing', NULL),
(5, 27, 27, 'Borivali', 'Malad', '2025-07-11 16:40:00', 'Completed', NULL),
(5, 28, 28, 'Borivali', 'Ghatkopar', '2025-07-12 17:55:00', 'Completed', NULL),
(5, 29, 29, 'Borivali', 'Andheri', '2025-07-13 19:10:00', 'Completed', NULL),
(5, 30, 30, 'Borivali', 'Vikhroli', '2025-07-14 20:25:00', 'Completed', NULL),
(5, 1, 1, 'Borivali', 'Bhandup', '2025-07-15 21:40:00', 'Completed', NULL),
(5, 2, 2, 'Borivali', 'Mulund', '2025-07-16 22:55:00', 'Completed', NULL),
(6, 3, 3, 'Mulund', 'Bhandup', '2025-07-05 09:20:00', 'Completed', NULL),
(6, 4, 4, 'Mulund', 'Thane', '2025-07-06 10:35:00', 'Completed', NULL),
(6, 5, 5, 'Mulund', 'Vikhroli', '2025-07-07 11:50:00', 'Cancelled', 'Changed plan'),
(6, 6, 6, 'Mulund', 'Andheri', '2025-07-08 13:05:00', 'Completed', NULL),
(6, 7, 7, 'Mulund', 'Ghatkopar', '2025-07-09 14:20:00', 'Completed', NULL),
(6, 8, 8, 'Mulund', 'Borivali', '2025-07-10 15:35:00', 'Ongoing', NULL),
(6, 9, 9, 'Mulund', 'Colaba', '2025-07-11 16:50:00', 'Completed', NULL),
(6, 10, 10, 'Mulund', 'Kurla', '2025-07-12 18:05:00', 'Completed', NULL),
(6, 11, 11, 'Mulund', 'Powai', '2025-07-13 19:20:00', 'Completed', NULL),
(6, 12, 12, 'Mulund', 'Churchgate', '2025-07-14 20:35:00', 'Completed', NULL),
(6, 13, 13, 'Mulund', 'Bandra', '2025-07-15 21:50:00', 'Completed', NULL),
(6, 14, 14, 'Mulund', 'Malad', '2025-07-16 23:05:00', 'Completed', NULL),
(7, 15, 15, 'Kurla', 'Ghatkopar', '2025-07-05 09:30:00', 'Completed', NULL),
(7, 16, 16, 'Kurla', 'Andheri', '2025-07-06 10:45:00', 'Completed', NULL),
(7, 17, 17, 'Kurla', 'Thane', '2025-07-07 12:00:00', 'Cancelled', 'Alternate transport'),
(7, 18, 18, 'Kurla', 'Borivali', '2025-07-08 13:15:00', 'Completed', NULL),
(7, 19, 19, 'Kurla', 'Colaba', '2025-07-09 14:30:00', 'Completed', NULL),
(7, 20, 20, 'Kurla', 'Churchgate', '2025-07-10 15:45:00', 'Ongoing', NULL),
(7, 21, 21, 'Kurla', 'Malad', '2025-07-11 17:00:00', 'Completed', NULL),
(7, 22, 22, 'Kurla', 'Bandra', '2025-07-12 18:15:00', 'Completed', NULL),
(7, 23, 23, 'Kurla', 'Vikhroli', '2025-07-13 19:30:00', 'Completed', NULL),
(7, 24, 24, 'Kurla', 'Bhandup', '2025-07-14 20:45:00', 'Completed', NULL),
(7, 25, 25, 'Kurla', 'Powai', '2025-07-15 22:00:00', 'Completed', NULL),
(7, 26, 26, 'Kurla', 'Mulund', '2025-07-16 23:15:00', 'Completed', NULL),
(8, 27, 27, 'Vikhroli', 'Kanjurmarg', '2025-07-05 09:40:00', 'Completed', NULL),
(8, 28, 28, 'Vikhroli', 'Bhandup', '2025-07-06 10:55:00', 'Completed', NULL),
(8, 29, 29, 'Vikhroli', 'Mulund', '2025-07-07 12:10:00', 'Cancelled', 'No show'),
(8, 30, 30, 'Vikhroli', 'Thane', '2025-07-08 13:25:00', 'Completed', NULL),
(8, 1, 1, 'Vikhroli', 'Powai', '2025-07-09 14:40:00', 'Completed', NULL),
(8, 2, 2, 'Vikhroli', 'Andheri', '2025-07-10 15:55:00', 'Ongoing', NULL),
(8, 3, 3, 'Vikhroli', 'Borivali', '2025-07-11 17:10:00', 'Completed', NULL),
(8, 4, 4, 'Vikhroli', 'Colaba', '2025-07-12 18:25:00', 'Completed', NULL),
(8, 5, 5, 'Vikhroli', 'Churchgate', '2025-07-13 19:40:00', 'Completed', NULL),
(8, 6, 6, 'Vikhroli', 'Bandra', '2025-07-14 20:55:00', 'Completed', NULL),
(8, 7, 7, 'Vikhroli', 'Kurla', '2025-07-15 22:10:00', 'Completed', NULL),
(8, 8, 8, 'Vikhroli', 'Ghatkopar', '2025-07-16 23:25:00', 'Completed', NULL),
(9, 9, 9, 'Powai', 'Hiranandani', '2025-07-05 09:50:00', 'Completed', NULL),
(9, 10, 10, 'Powai', 'Kanjurmarg', '2025-07-06 11:05:00', 'Completed', NULL),
(9, 11, 11, 'Powai', 'Bhandup', '2025-07-07 12:20:00', 'Cancelled', 'Changed plan'),
(9, 12, 12, 'Powai', 'Mulund', '2025-07-08 13:35:00', 'Completed', NULL),
(9, 13, 13, 'Powai', 'Thane', '2025-07-09 14:50:00', 'Completed', NULL),
(9, 14, 14, 'Powai', 'Borivali', '2025-07-10 16:05:00', 'Ongoing', NULL),
(9, 15, 15, 'Powai', 'Andheri', '2025-07-11 17:20:00', 'Completed', NULL),
(9, 16, 16, 'Powai', 'Kurla', '2025-07-12 18:35:00', 'Completed', NULL),
(9, 17, 17, 'Powai', 'Bandra', '2025-07-13 19:50:00', 'Completed', NULL),
(9, 18, 18, 'Powai', 'Colaba', '2025-07-14 21:05:00', 'Completed', NULL),
(9, 19, 19, 'Powai', 'Churchgate', '2025-07-15 22:20:00', 'Completed', NULL),
(9, 20, 20, 'Powai', 'Ghatkopar', '2025-07-16 23:35:00', 'Completed', NULL),
(10, 21, 21, 'Thane', 'Mulund', '2025-07-05 10:00:00', 'Completed', NULL),
(10, 22, 22, 'Thane', 'Bhandup', '2025-07-06 11:15:00', 'Completed', NULL),
(10, 23, 23, 'Thane', 'Kanjurmarg', '2025-07-07 12:30:00', 'Cancelled', 'Driver delayed'),
(10, 24, 24, 'Thane', 'Vikhroli', '2025-07-08 13:45:00', 'Completed', NULL),
(10, 25, 25, 'Thane', 'Powai', '2025-07-09 15:00:00', 'Completed', NULL),
(10, 26, 26, 'Thane', 'Andheri', '2025-07-10 16:15:00', 'Ongoing', NULL),
(10, 27, 27, 'Thane', 'Borivali', '2025-07-11 17:30:00', 'Completed', NULL),
(10, 28, 28, 'Thane', 'Colaba', '2025-07-12 18:45:00', 'Completed', NULL),
(10, 29, 29, 'Thane', 'Churchgate', '2025-07-13 20:00:00', 'Completed', NULL),
(10, 30, 30, 'Thane', 'Bandra', '2025-07-14 21:15:00', 'Completed', NULL),
(10, 1, 1, 'Thane', 'Kurla', '2025-07-15 22:30:00', 'Completed', NULL),
(10, 2, 2, 'Thane', 'Ghatkopar', '2025-07-16 23:45:00', 'Completed', NULL);




